####		
# Scientific Names Parser Test		
#		
# Test consists of a tab delimited input (scientific name), a full parsed name incl authorship and a canonical name without authors or rank		
####		

#uninomial		
Pseudocercospora 	 Pseudocercospora	 Pseudocercospora

#uninomial with author		
Pseudocercospora Speg. 	 Pseudocercospora Speg.	 Pseudocercospora

#uninomial with author and year		
Pseudocercospora Speg. 1910 	 Pseudocercospora Speg., 1910	 Pseudocercospora
Pseudocercospora Spegazzini, 1910 	 Pseudocercospora Spegazzini, 1910	 Pseudocercospora
Tridentella tangeroae Bruce, 198? 	 Tridentella tangeroae Bruce, 198?	 Tridentella tangeroae

#two-letter genus names (legacy genera, not allowed anymore)		
Ca Dyar 1914 	 Ca Dyar, 1914	 Ca
Ea Distant 1911 	 Ea Distant, 1911	 Ea
Ge Nicéville 1895 	 Ge Nicéville, 1895	 Ge
Ia Thomas 1902 	 Ia Thomas, 1902	 Ia
Io Lea 1831 	 Io Lea, 1831	 Io
Io Blanchard 1852 	 Io Blanchard, 1852	 Io
Ix Bergroth 1916 	 Ix Bergroth, 1916	 Ix
Lo Seale 1906 	 Lo Seale, 1906	 Lo 
Oa Girault 1929 	 Oa Girault, 1929	 Oa
Ra Whitley 1931 	 Ra Whitley, 1931	 Ra
Ty Bory de St. Vincent 1827 	 Ty Bory de St. Vincent, 1827	 Ty
Ua Girault 1929 	 Ua Girault, 1929	 Ua
Aa Baker 1940 	 Aa Baker, 1940	 Aa
Ja Uéno 1955 	 Ja Uéno, 1955	 Ja
Zu Walters & Fitch 1960 	 Zu Walters & Fitch, 1960	 Zu
La Bleszynski 1966 	 La Bleszynski, 1966	 La
Qu Durkoop 	 Qu Durkoop	 Qu
As Slipinski 1982 	 As Slipinski, 1982	 As
Ba Solem 1983 	 Ba Solem, 1983	 Ba

#canonical binomial		
Pseudocercospora     dendrobii 	 Pseudocercospora dendrobii	 Pseudocercospora dendrobii

#binomial with author and a year		
Platypus bicaudatulus Schedl 1935 	 Platypus bicaudatulus Schedl, 1935	 Platypus bicaudatulus
Platypus bicaudatulus Schedl, 1935h 	 Platypus bicaudatulus Schedl, 1935h	 Platypus bicaudatulus

# whitespace names (rare, only ~50 cases)		
Donatia novae zelandiae Hook.f.	Donatia novae zelandiae Hook.f.	Donatia novae zelandiae
Donatia novae-zelandiae Hook.f	Donatia novae-zelandiae Hook.f	Donatia novae-zelandiae
Denticula van heurckii var. angusta Hust.	Denticula van heurckii var. angusta Hust.	Denticula van heurckii angusta
Denticula van heurckii f. ventricosa Hust.	Denticula van heurckii f. ventricosa Hust.	Denticula van heurckii ventricosa

#binomial with several authours		
Pseudocercospora dendrobii U. Braun & Crous 	 Pseudocercospora dendrobii U. Braun & Crous	 Pseudocercospora dendrobii
Pseudocercospora dendrobii U. Braun & Crous 	 Pseudocercospora dendrobii U. Braun & Crous	 Pseudocercospora dendrobii
Pseudocercospora dendrobii U. Braun and Crous 	 Pseudocercospora dendrobii U. Braun & Crous	 Pseudocercospora dendrobii

#binomial with several authors and a year		
Pseudocercospora dendrobii U. Braun & Crous 2003 	 Pseudocercospora dendrobii U. Braun & Crous, 2003	 Pseudocercospora dendrobii

#iczn: species name with subgenus		
Hegeter (Hegeter) intercedens Lindberg H 1950 	 Hegeter (Hegeter) intercedens Lindberg H, 1950	 Hegeter intercedens

#genus with question mark		
Ferganoconcha? oblonga 	 Ferganoconcha oblonga	 Ferganoconcha oblonga

#unicode utf8 characters in name		
Rühlella	Rühlella	Rühlella
Sténométope laevissimus Bibron 1855	Sténométope laevissimus Bibron, 1855	Sténométope laevissimus
Choriozopella trägårdhi Lawrence, 1947	Choriozopella trägårdhi Lawrence, 1947	Choriozopella trägårdhi

#digraph unicode characters		
Læptura laetifica Dow, 1913 	 Læptura laetifica Dow, 1913	 Læptura laetifica
Leptura lætifica Dow, 1913 	 Leptura lætifica Dow, 1913	 Leptura lætifica
Leptura leætifica Dow, 1913 	 Leptura leætifica Dow, 1913	 Leptura leætifica
Leæptura laetifica Dow, 1913 	 Leæptura laetifica Dow, 1913	 Leæptura laetifica
Leoeptura laetifica Dow, 1913 	 Leoeptura laetifica Dow, 1913	 Leoeptura laetifica
Ærenea cognata Lacordaire, 1872 	 Ærenea cognata Lacordaire, 1872	 Ærenea cognata
OEdicnemus capensis 	 OEdicnemus capensis	 OEdicnemus capensis
OEnanthe oenanthe 	 OEnanthe oenanthe	 OEnanthe oenanthe

#basionym in parenthesis		
Zophosis persis (Chatanay, 1914) 	 Zophosis persis (Chatanay, 1914)	 Zophosis persis
Zophosis persis (Chatanay 1914) 	 Zophosis persis (Chatanay, 1914)	 Zophosis persis

#binomial with basionym and combination authors		
Pseudocercospora dendrobii(H.C.     Burnett)U. Braun & Crous     2003 	 Pseudocercospora dendrobii (H.C. Burnett) U. Braun & Crous, 2003	 Pseudocercospora dendrobii
Pseudocercospora dendrobii(H.C.     Burnett, 1873)U. Braun & Crous     2003 	 Pseudocercospora dendrobii (H.C. Burnett, 1873) U. Braun & Crous, 2003	 Pseudocercospora dendrobii
Pseudocercospora dendrobii(H.C.     Burnett 1873)U. Braun & Crous ,    2003 	 Pseudocercospora dendrobii (H.C. Burnett, 1873) U. Braun & Crous, 2003	 Pseudocercospora dendrobii

#infraspecies without rank		
Hydnellum scrobiculatum zonatum (Banker) D. Hall & D.E. Stuntz 1972 	 Hydnellum scrobiculatum zonatum (Banker) D. Hall & D.E. Stuntz, 1972	 Hydnellum scrobiculatum zonatum
Hydnellum (Hydnellum) scrobiculatum zonatum (Banker) D. Hall & D.E. Stuntz 1972 	 Hydnellum (Hydnellum) scrobiculatum zonatum (Banker) D. Hall & D.E. Stuntz, 1972	 Hydnellum scrobiculatum zonatum
Hydnellum scrobiculatum zonatum 	 Hydnellum scrobiculatum zonatum	 Hydnellum scrobiculatum zonatum

#infraspecies with rank		
Aus bus Linn. var. bus 	 Aus bus var. bus	 Aus bus bus
Agalinis purpurea (L.) Briton var. borealis (Berg.) Peterson 1987 	 Agalinis purpurea var. borealis (Berg.) Peterson, 1987	 Agalinis purpurea borealis
Callideriphus flavicollis morph. reductus Fuchs 1961 	 Callideriphus flavicollis morph. reductus Fuchs, 1961	 Callideriphus flavicollis reductus
Caulerpa cupressoides forma nuda 	 Caulerpa cupressoides forma nuda	 Caulerpa cupressoides nuda
Chlorocyperus glaber form. fasciculariforme (Lojac.) Soó 	 Chlorocyperus glaber form. fasciculariforme (Lojac.) Soó	 Chlorocyperus glaber fasciculariforme
Sphaerotheca    fuliginea    f.     dahliae    Movss.     1967 	 Sphaerotheca fuliginea f. dahliae Movss., 1967	 Sphaerotheca fuliginea dahliae
Polypodium vulgare nothosubsp. mantoniae (Rothm.) Schidlay 	 Polypodium vulgare nothosubsp. mantoniae (Rothm.) Schidlay	 Polypodium vulgare mantoniae

#infraspecies_multiple		
Hydnellum scrobiculatum var. zonatum f. parvum (Banker) D. Hall & D.E. Stuntz 1972 	 Hydnellum scrobiculatum f. parvum (Banker) D. Hall & D.E. Stuntz, 1972	 Hydnellum scrobiculatum parvum
Senecio fuchsii C.C.Gmel. subsp. fuchsii var. expansus (Boiss. & Heldr.) Hayek 	 Senecio fuchsii var. expansus (Boiss. & Heldr.) Hayek	Senecio fuchsii expansus
Senecio fuchsii C.C.Gmel. subsp. fuchsii var. fuchsii 	 Senecio fuchsii C.C.Gmel. var. fuchsii	 Senecio fuchsii fuchsii

#unknown authorship		
Tragacantha leporina (?) Kuntze 	 Tragacantha leporina Kuntze	 Tragacantha leporina
Lachenalia tricolor var. nelsonii (auct.) Baker 	 Lachenalia tricolor var. nelsonii Baker	 Lachenalia tricolor nelsonii
Lachenalia tricolor var. nelsonii (anon.) Baker 	 Lachenalia tricolor var. nelsonii Baker	 Lachenalia tricolor nelsonii
Lachenalia tricolor var. nelsonii (ht.) Baker 	 Lachenalia tricolor var. nelsonii Baker	 Lachenalia tricolor nelsonii
Lachenalia tricolor var. nelsonii (hort.) Baker 	 Lachenalia tricolor var. nelsonii Baker	 Lachenalia tricolor nelsonii
Puya acris ht. 	 Puya acris	Puya acris
Puya acris anon. 	 Puya acris	Puya acris
Puya acris hort. 	 Puya acris	Puya acris
Puya acris auct.	Puya acris	Puya acris
Anabaena catenula (K?tzing) Bornet & Flahault	Anabaena catenula (K?tzing) Bornet & Flahault	Anabaena catenula

#miscellaneous names		
Fagus sylvatica subsp. orientalis (Lipsky) Greuter & Burdet 	 Fagus sylvatica subsp. orientalis (Lipsky) Greuter & Burdet	 Fagus sylvatica orientalis
Stagonospora polyspora M.T. Lucas & Sousa da Câmara 1934 	 Stagonospora polyspora M.T. Lucas & Sousa da Câmara, 1934	 Stagonospora polyspora
Stagonospora polyspora M.T. Lucas et Sousa da Câmara 1934 	 Stagonospora polyspora M.T. Lucas & Sousa da Câmara, 1934	 Stagonospora polyspora
Cladoniicola staurospora Diederich, van den Boom & Aptroot 2001 	 Cladoniicola staurospora Diederich, van den Boom & Aptroot, 2001	 Cladoniicola staurospora
Yarrowia lipolytica var. lipolytica (Wick., Kurtzman & E.A. Herrm.) Van der Walt & Arx 1981 	 Yarrowia lipolytica var. lipolytica (Wick., Kurtzman & E.A. Herrm.) Van der Walt & Arx, 1981	 Yarrowia lipolytica lipolytica
Physalospora rubiginosa (Fr.) anon. 	 Physalospora rubiginosa (Fr.)	Physalospora rubiginosa
Pleurotus ëous (Berk.) Sacc. 1887 	 Pleurotus ëous (Berk.) Sacc., 1887	 Pleurotus ëous
Lecanora wetmorei Sliwa 2004 	 Lecanora wetmorei Sliwa, 2004	 Lecanora wetmorei
Calicium furfuraceum * furfuraceum (L.) Pers. 1797 	 Calicium furfuraceum * furfuraceum (L.) Pers., 1797	 Calicium furfuraceum furfuraceum
Exobasidium vaccinii ** andromedae (P. Karst.) P. Karst. 1882 	 Exobasidium vaccinii ** andromedae (P. Karst.) P. Karst., 1882	 Exobasidium vaccinii andromedae
Urceolaria scruposa **** clausa Flot. 1849 	 Urceolaria scruposa **** clausa Flot., 1849	 Urceolaria scruposa clausa
Cortinarius angulatus B gracilescens Fr. 1838 	 Cortinarius angulatus B gracilescens Fr., 1838	 Cortinarius angulatus gracilescens
Cyathicula scelobelonium 	 Cyathicula scelobelonium	 Cyathicula scelobelonium
Tuber liui A S. Xu 1999 	 Tuber liui A S. Xu, 1999	 Tuber liui
Xylaria potentillae A S. Xu 	 Xylaria potentillae A S. Xu	 Xylaria potentillae
Agaricus squamula Berk. & M.A. Curtis 1860 	 Agaricus squamula Berk. & M.A. Curtis, 1860	 Agaricus squamula
Peltula coriacea Büdel, Henssen & Wessels 1986 	 Peltula coriacea Büdel, Henssen & Wessels, 1986	 Peltula coriacea
Saccharomyces drosophilae anon. 	 Saccharomyces drosophilae	Saccharomyces drosophilae
Abacetus laevicollis de Chaudoir, 1869 	 Abacetus laevicollis de Chaudoir, 1869	 Abacetus laevicollis
Gastrosericus eremorum von Beaumont 1955 	 Gastrosericus eremorum von Beaumont, 1955	 Gastrosericus eremorum
Cypraeovula (Luponia) amphithales perdentata 	 Cypraeovula (Luponia) amphithales perdentata	 Cypraeovula amphithales perdentata
Polyrhachis orsyllus nat musculus Forel, 1901 	 Polyrhachis orsyllus nat musculus Forel, 1901	 Polyrhachis orsyllus musculus
Latrodectus 13-guttatus Thorell, 1875 	 Latrodectus 13-guttatus Thorell, 1875	 Latrodectus 13-guttatus
Latrodectus 3-guttatus Thorell 1875 	 Latrodectus 3-guttatus Thorell, 1875	 Latrodectus 3-guttatus

#names with status at the end		
Arthopyrenia hyalospora (Nyl.) R.C. Harris comb. nov. 	 Arthopyrenia hyalospora (Nyl.) R.C. Harris	Arthopyrenia hyalospora

#names with ex or in authors		
Arthopyrenia hyalospora (Nyl. ex Banker) R.C. Harris 	 Arthopyrenia hyalospora (Nyl. ex Banker) R.C. Harris	 Arthopyrenia hyalospora
Arthopyrenia hyalospora Nyl. ex Banker 	 Arthopyrenia hyalospora Nyl. ex Banker	 Arthopyrenia hyalospora
Glomopsis lonicerae Peck ex C.J. Gould 1945 	 Glomopsis lonicerae Peck ex C.J. Gould, 1945	 Glomopsis lonicerae
Acanthobasidium delicatum (Wakef.) Oberw. ex Jülich 1979 	 Acanthobasidium delicatum (Wakef.) Oberw. ex Jülich, 1979	 Acanthobasidium delicatum
Mycosphaerella eryngii (Fr. ex Duby) Johanson ex Oudem. 1897 	 Mycosphaerella eryngii (Fr. ex Duby) Johanson ex Oudem., 1897	 Mycosphaerella eryngii
Mycosphaerella eryngii (Fr. Duby) ex Oudem., 1897 	 Mycosphaerella eryngii (Fr. Duby) ex Oudem., 1897	 Mycosphaerella eryngii
Mycosphaerella eryngii (Fr.ex Duby) ex Oudem. 1897 	 Mycosphaerella eryngii (Fr.ex Duby) ex Oudem., 1897	 Mycosphaerella eryngii
Salmonella werahensis (Castellani) Hauduroy and Ehringer in Hauduroy 1937 	 Salmonella werahensis (Castellani) Hauduroy & Ehringer, 1937	Salmonella werahensis

#named hybrids		
×Agropogon P. Fourn. 1934 	 Agropogon P. Fourn., 1934	 Agropogon
xAgropogon P. Fourn. 	 Agropogon P. Fourn.	 Agropogon
XAgropogon P.Fourn. 	 Agropogon P.Fourn.	 Agropogon
× Agropogon 	 Agropogon	 Agropogon
x Agropogon 	 Agropogon	 Agropogon
X Agropogon 	 Agropogon	 Agropogon
X Cupressocyparis leylandii 	 Cupressocyparis leylandii	 Cupressocyparis leylandii
×Heucherella tiarelloides 	 Heucherella tiarelloides	 Heucherella tiarelloides
xHeucherella tiarelloides 	 Heucherella tiarelloides	 Heucherella tiarelloides
x Heucherella tiarelloides 	 Heucherella tiarelloides	 Heucherella tiarelloides
×Agropogon littoralis (Sm.) C. E. Hubb. 1946 	 Agropogon littoralis (Sm.) C. E. Hubb., 1946	 Agropogon littoralis
Asplenium X inexpectatum (E.L. Braun 1940) Morton (1956) 	 Asplenium inexpectatum (E.L. Braun, 1940) Morton, 1956	 Asplenium inexpectatum
Mentha ×smithiana R. A. Graham 1949 	 Mentha smithiana R. A. Graham, 1949	 Mentha smithiana
Salix ×capreola Andersson (1867) 	 Salix capreola (Andersson, 1867)	 Salix capreola
Salix x capreola Andersson 	 Salix capreola Andersson	 Salix capreola


#concepts		
Senecio jacquinianus sec. Rchb. 	 Senecio jacquinianus	Senecio jacquinianus
Senecio legionensis sensu Samp., non Lange	Senecio legionensis	Senecio legionensis
Pseudomonas methanica (Söhngen 1906) sensu. Dworkin and Foster 1956	Pseudomonas methanica (Söhngen, 1906)	Pseudomonas methanica

#empty spaces		
   Asplenium         Xinexpectatum ( E.L.      Braun   1940 )     Morton(1956)    	 Asplenium inexpectatum (E.L. Braun, 1940) Morton, 1956	Asplenium inexpectatum




####		
#		
# Names with problems		
#		
####		

#double parenthesis		
Eichornia crassipes ( (Martius) ) Solms-Laub. 	 Eichornia crassipes (Martius) Solms-Laub.	 Eichornia crassipes

#year without authorship		
Acarospora cratericola 1929 	 Acarospora cratericola, 1929	 Acarospora cratericola


#year range		
Tridentella tangeroae Bruce, 1987-92	Tridentella tangeroae Bruce, 1987-92	Tridentella tangeroae

#year in square brackets		
Anthoscopus Cabanis [1851] 	 Anthoscopus Cabanis	Anthoscopus
Anthoscopus Cabanis [185?] 	 Anthoscopus Cabanis	Anthoscopus
Anthoscopus Cabanis [1851?] 	 Anthoscopus Cabanis	Anthoscopus
Anthoscopus Cabanis [1851] 	 Anthoscopus Cabanis	Anthoscopus
Anthoscopus Cabanis [1851?] 	 Anthoscopus Cabanis	Anthoscopus
Zygaena witti Wiegel [1973] 	 Zygaena witti Wiegel	Zygaena witti

#names with garbage at the end		
Morea (Morea) Burt 2342343242 23424322342 23424234 	 Morea (Morea) Burt	 Morea (Morea)


#salvage canonical		
Morea ssjjlajajaj324$33 234243242 	 Morea	 Morea
Morea (Morea) burtius 2342343242 23424322342 23424234 	 Morea (Morea) burtius	 Morea burtius
Moraea spathulata ( (L. f. Klatt 	 Moraea spathulata	 Moraea spathulata





################################
### NEW CHECKLIST BANK ENTRIES
################################
# cultivated plants, races
Verpericola megasoma "Dall" Pils. 	 Verpericola megasoma "Dall" Pils.	Verpericola megasoma
Abelia 'Edward Goucher'	Abelia 'Edward Goucher'	Abelia
 
# new unparsed checklist bank entries
Geranium exili Standl. in R. Knuth	Geranium exili Standl.	Geranium exili
Racosperma spirorbe subsp. solandri (Benth.)Pedley	Racosperma spirorbe subsp. solandri (Benth.) Pedley	Racosperma spirorbe solandri


# names with imprint years cited
Ctenotus alacer Storr, 1970 ["1969"]	Ctenotus alacer Storr, 1970	Ctenotus alacer
Anomalopus truncatus (Peters, 1876 ["1877"])	Anomalopus truncatus (Peters, 1876)	Anomalopus truncatus
Nostochopis H.C. Wood ex E. Bornet & C. Flahault 1887 ("1886-1888")	Nostochopis H.C. Wood ex E. Bornet & C. Flahault, 1887	Nostochopis
Protospongia W.S. Kent 1881 ("1880-1882")	Protospongia W.S. Kent, 1881	Protospongia
Trismegistia monodii Ando, 1973 [1974] 	 Trismegistia monodii Ando, 1973	 Trismegistia monodii
Deyeuxia coarctata Kunth, 1815 [1816] 	 Deyeuxia coarctata Kunth, 1815	 Deyeuxia coarctata
Proasellus arnautovici (Remy 1932 1941)	Proasellus arnautovici (Remy, 1932)	Proasellus arnautovici
Lestodiplosis cryphali Kieffer 1894 1901	Lestodiplosis cryphali Kieffer, 1894	Lestodiplosis cryphali
Microrape simplex 1927 1930	Microrape simplex, 1927	Microrape simplex
Matricaria chamomilla L. 1755 1763, non 1753	Matricaria chamomilla L., 1755	Matricaria chamomilla


# informals
Hymenoscyphus lutisedus (P. Karst.) anon. ined.	Hymenoscyphus lutisedus (P. Karst.)	Hymenoscyphus lutisedus
Menegazzia wilsonii (Räsänen) anon.	Menegazzia wilsonii (Räsänen)	Menegazzia wilsonii

# nomen x
Sao hispanica R. & E. Richter nom. nud. in Sampelayo 1935	Sao hispanica R. & E. Richter, 1935	Sao hispanica
Vaucheria longicaulis var. bengalensis Islam, nom. illeg.	Vaucheria longicaulis var. bengalensis Islam	Vaucheria longicaulis bengalensis
Dorataspidae nom. correct	Dorataspidae	Dorataspidae
Ethmosphaeridae nom. transf.	Ethmosphaeridae	Ethmosphaeridae
Fucus vesiculosus forma volubilis (Goodenough & Woodward) H.T. Powell, nom. inval	Fucus vesiculosus forma volubilis (Goodenough & Woodward) H.T. Powell	Fucus vesiculosus volubilis
Fucus ramosissimus Oeder, nom. ambig.	Fucus ramosissimus Oeder	Fucus ramosissimus
Myrionema majus Foslie, nom. nov.	Myrionema majus Foslie	Myrionema majus
Pithecellobium montanum var. subfalcatum (Zoll. & Moritzi)Miq., nom.rejic.	Pithecellobium montanum var. subfalcatum (Zoll. & Moritzi) Miq.	Pithecellobium montanum subfalcatum
Lithothamnion glaciale forma verrucosum (Foslie) Foslie, nom. superfl.	Lithothamnion glaciale forma verrucosum (Foslie) Foslie	Lithothamnion glaciale verrucosum
Anthoceros agrestis var. agrestis Paton nom. cons. prop.	Anthoceros agrestis var. agrestis Paton	Anthoceros agrestis agrestis    
Corydalis bulbosa (L.) DC., nom. utique rej.	Corydalis bulbosa (L.) DC.	Corydalis bulbosa


# original name authors not in brackets, but year is
Lithobius chibenus Ishii & Tamura (1994)	Lithobius chibenus (Ishii & Tamura, 1994)	Lithobius chibenus
Lithobius elongipes Chamberlin (1952)	Lithobius elongipes (Chamberlin, 1952)	Lithobius elongipes
Rubus rhodanthus W.C.R.Watson (1933)	Rubus rhodanthus (W.C.R.Watson, 1933)	Rubus rhodanthus
Platypus bicaudatulus Schedl (1935h) 	 Platypus bicaudatulus (Schedl, 1935h)	 Platypus bicaudatulus
Platypus bicaudatulus Schedl (1935) 	 Platypus bicaudatulus (Schedl, 1935)	 Platypus bicaudatulus
Sorbus poteriifolia Hand.-Mazz (1933)	Sorbus poteriifolia (Hand.-Mazz, 1933)	Sorbus poteriifolia

# original name in brackets but xear not
Zophosis persis (Chatanay), 1914 	 Zophosis persis (Chatanay, 1914)	 Zophosis persis

# weird years
Malacocarpus schumannianus (Nicolai (1893)) Britton & Rose	Malacocarpus schumannianus (Nicolai, 1893) Britton & Rose	Malacocarpus schumannianus

# remarks
Agropyron x acutum auct. non (DC.) Roem. & Schult.	Agropyron acutum	Agropyron acutum
Carex leporina auct. non L. 1753	Carex leporina	Carex leporina
Salicornia annua auct. auct. Sm., ex descr. non Sm. 1796	Salicornia annua	Salicornia annua
Rubus gremli auct. non Focke	Rubus gremli	Rubus gremli
Rubus carpinifolius auct. auct. non Weihe 1824	Rubus carpinifolius	Rubus carpinifolius
Leucobryum glaucum var. albidum auct. eur. non (P. Beauv. ) Cardot	Leucobryum glaucum var. albidum	Leucobryum glaucum albidum
Corynoptera inexpectata auct.	Corynoptera inexpectata	Corynoptera inexpectata
Coccinella (Coccinella) divaricata auct.	Coccinella (Coccinella) divaricata	Coccinella divaricata

# sensu, aff, cf
Rebutia haagei Fric, Schelle, Fric sec.Backeb. & F.M.Knuth	Rebutia haagei Fric, Schelle, Fric	Rebutia haagei
Trox haroldi Fisch., sec. Kraatz & Bedel	Trox haroldi Fisch.	Trox haroldi
Trophon sarsi S. Wood, sec. Jeffreys	Trophon sarsi S. Wood	Trophon sarsi
Frustulia aff pararhomboides sec. Metzeltin & Lange-Bertalot	Frustulia pararhomboides	Frustulia pararhomboides
Anabaena affinis Lemmermann	Anabaena affinis Lemmermann	Anabaena affinis
Anabaena sp.	Anabaena	Anabaena
Anabaena spec	Anabaena	Anabaena
Anabaena specularia	Anabaena specularia	Anabaena specularia
Rasbora cf. elegans	Rasbora elegans	Rasbora elegans
Rasbora aff. elegans	Rasbora elegans	Rasbora elegans

# swapped initials
Cathormiocerus inflatiscapus Escalera, M.M. de la 1918
Hypnum rutabulum var. campestre Müll. Hal.	Hypnum rutabulum var. campestre Müll. Hal.	Hypnum rutabulum campestre
Leptophascum leptophyllum (Müll. Hal.) J. Guerra & Cano	Leptophascum leptophyllum (Müll. Hal.) J. Guerra & Cano	Leptophascum leptophyllum

# others
Pompeja psorica Herrich-Schöffer	 Pompeja psorica Herrich-Schöffer	Pompeja psorica
Gloveria sphingiformis Barnes & McDunnough, 1910	 Gloveria sphingiformis Barnes & McDunnough, 1910	 Gloveria sphingiformis
Gastromega badia Saalmüller, 1877/78	Gastromega badia Saalmüller, 1877/78	Gastromega badia
Hasora coulteri Wood-Mason & de Nicóville, 1886	Hasora coulteri Wood-Mason & de Nicóville, 1886	Hasora coulteri
Pithauria uma De Nicóville, 1888	Pithauria uma De Nicóville, 1888	Pithauria uma
Lepidostoma quila Bueno-Soria & Padilla-Ramirez, 1981	 Lepidostoma quila Bueno-Soria & Padilla-Ramirez, 1981	 Lepidostoma quila
Dinarthrum inerme McLachlan, 1878	 Dinarthrum inerme McLachlan, 1878	 Dinarthrum inerme
Triplectides tambina Mosely, 1953	 Triplectides tambina Mosely, 1953	 Triplectides tambina
Oxyothespis sudanensis Giglio-Tos, 1916	 Oxyothespis sudanensis Giglio-Tos, 1916	 Oxyothespis sudanensis
Parastagmatoptera theresopolitana (Giglio-Tos, 1914)	 Parastagmatoptera theresopolitana (Giglio-Tos, 1914)	 Parastagmatoptera theresopolitana
Oxyothespis nilotica nilotica Giglio-Tos, 1916	 Oxyothespis nilotica nilotica Giglio-Tos, 1916	 Oxyothespis nilotica nilotica
Photina (Cardioptera) burmeisteri (Westwood, 1889)	 Photina (Cardioptera) burmeisteri (Westwood, 1889)	Photina burmeisteri
Syngenes inquinatus (Gerstaecker)	 Syngenes inquinatus (Gerstaecker)	 Syngenes inquinatus
Myrmeleon libelloides var. nigriventris A. Costa	 Myrmeleon libelloides var. nigriventris A. Costa	Myrmeleon libelloides nigriventris
Ascalaphus nigripes (van der Weele)	Ascalaphus nigripes (van der Weele)	Ascalaphus nigripes
Ascalaphus guttulatus A. Costa	 Ascalaphus guttulatus A. Costa	Ascalaphus guttulatus
Dichochrysa medogana (C.-K. Yang et al., 1988)	Dichochrysa medogana (C.-K. Yang et al., 1988)	Dichochrysa medogana
Dichochrysa vitticlypea (C.-K. Yang & X.-X. Wang, 1990)	 Dichochrysa vitticlypea (C.-K. Yang & X.-X. Wang, 1990)	 Dichochrysa vitticlypea
Dichochrysa qingchengshana (C.-K. Yang et al., 1992)	 Dichochrysa qingchengshana (C.-K. Yang et al., 1992)	 Dichochrysa qingchengshana
Colomastix tridentata LeCroy, 1995	 Colomastix tridentata LeCroy, 1995	 Colomastix tridentata
Sunamphitoe pelagica (H. Milne Edwards, 1830)	 Sunamphitoe pelagica (H. Milne Edwards, 1830)	 Sunamphitoe pelagica
Brotogeris jugularis (Statius Muller, 1776)	 Brotogeris jugularis (Statius Muller, 1776)	 Brotogeris jugularis
Coracopsis nigra sibilans Milne-Edwards & OuStalet, 1885	 Coracopsis nigra sibilans Milne-Edwards & OuStalet, 1885	 Coracopsis nigra sibilans
Trichoglossus haematodus deplanchii J. Verreaux & Des Murs, 1860	 Trichoglossus haematodus deplanchii J. Verreaux & Des Murs, 1860	 Trichoglossus haematodus deplanchii
Nannopsittaca dachilleae O'Neill, Munn & Franke, 1991	 Nannopsittaca dachilleae O'Neill, Munn & Franke, 1991	 Nannopsittaca dachilleae
Ramphastos brevis Meyer de Schauensee, 1945	 Ramphastos brevis Meyer de Schauensee, 1945	 Ramphastos brevis
Touit melanonota (Wied-Neuwied, 1820)	 Touit melanonota (Wied-Neuwied, 1820)	 Touit melanonota
Trachyphonus darnaudii (Prevost & Des Murs, 1847)	 Trachyphonus darnaudii (Prevost & Des Murs, 1847)	 Trachyphonus darnaudii
Anolis porcatus aracelyae Perez-Beato, 1996	 Anolis porcatus aracelyae Perez-Beato, 1996	 Anolis porcatus aracelyae
Anolis gundlachi Peters, 1877	 Anolis gundlachi Peters, 1877	 Anolis gundlachi
Anolis marmoratus girafus Lazell, 1964	 Anolis marmoratus girafus Lazell, 1964	Anolis marmoratus girafus
Chorististium maculatum (non Bloch 1790)	Chorististium maculatum	Chorististium maculatum
Pikea lunulata (non Guichenot 1864)	Pikea lunulata	Pikea lunulata
Luzonichthys taeniatus Randall & McCosker, 1992	Luzonichthys taeniatus Randall & McCosker, 1992	Luzonichthys taeniatus
Puntius stoliczkae	 Puntius stoliczkae	Puntius stoliczkae
Puntius arulius subsp. tambraparniei	 Puntius arulius subsp. tambraparniei	 Puntius arulius tambraparniei
Actinia stellula Hemprich and Ehrenberg 1834	Actinia stellula Hemprich & Ehrenberg, 1834	Actinia stellula
Anemonia vagans (Less.) Milne Edw.	Anemonia vagans (Less.) Milne Edw.	Anemonia vagans
Epiactis fecunda (Verrill, 1899b)	Epiactis fecunda (Verrill, 1899b)	Epiactis fecunda
Leptodictyum (Schimp.) Warnst.	 Leptodictyum (Schimp.) Warnst.	 Leptodictyum
Pseudocurimata Fernandez-Yepez, 1948	 Pseudocurimata Fernandez-Yepez, 1948	 Pseudocurimata
Pseudophorellia da Costa Lima, 1934	 Pseudophorellia da Costa Lima, 1934	 Pseudophorellia
Hershkovitzia Guimarães & d'Andretta, 1957	 Hershkovitzia Guimarães & d'Andretta, 1957	 Hershkovitzia
Plectocolea (Mitten) Mitten, 1873	 Plectocolea (Mitten) Mitten, 1873	 Plectocolea
Discoporella d'Orbigny, 1852	 Discoporella d'Orbigny, 1852	 Discoporella
Acripeza Guérin-Ménéville, 1838	 Acripeza Guérin-Ménéville, 1838	 Acripeza
Subpeltonotus Swaraj Ghai, Kailash Chandra & Ramamurthy, 1988	 Subpeltonotus Swaraj Ghai, Kailash Chandra & Ramamurthy, 1988	 Subpeltonotus
Boettcherimima De Souza Lopes, 1950	 Boettcherimima De Souza Lopes, 1950	 Boettcherimima
Surnicou Des Murs, 1853	 Surnicou Des Murs, 1853	 Surnicou
Cristocypridea Hou MS., 1977	 Cristocypridea Hou MS., 1977	 Cristocypridea
Lecythis coriacea DC.	Lecythis coriacea DC.	Lecythis coriacea
Anhuiphyllum Yu Xueguang, 1991	 Anhuiphyllum Yu Xueguang, 1991	 Anhuiphyllum
Zonosphaeridium minor Tian Chuanrong, 1983	 Zonosphaeridium minor Tian Chuanrong, 1983	 Zonosphaeridium minor
Oscarella microlobata Muricy, Boury-Esnault, Bézac & Vacelet, 1996	 Oscarella microlobata Muricy, Boury-Esnault, Bézac & Vacelet, 1996	 Oscarella microlobata
Neoarctus primigenius Grimaldi de Zio, D'Abbabbo Gallo & Morone de Lucia, 1992	 Neoarctus primigenius Grimaldi de Zio, D'Abbabbo Gallo & Morone de Lucia, 1992	 Neoarctus primigenius
Phaonia wenshuiensis Zhang, Zhao Bin & Wu, 1985	 Phaonia wenshuiensis Zhang, Zhao Bin & Wu, 1985	 Phaonia wenshuiensis
Heteronychia (Eupierretia) helanshanensis Han, Zhao-Gan & Ye, 1985	 Heteronychia (Eupierretia) helanshanensis Han, Zhao-Gan & Ye, 1985	 Heteronychia helanshanensis
Solanophila karisimbica ab. fulvicollis Mader, 1941	 Solanophila karisimbica ab. fulvicollis Mader, 1941	 Solanophila karisimbica fulvicollis
Tortrix (Heterognomon) aglossana Kennel, 1899	 Tortrix (Heterognomon) aglossana Kennel, 1899	 Tortrix aglossana
Leptochilus (Neoleptochilus) beaumonti Giordani Soika, 1953	 Leptochilus (Neoleptochilus) beaumonti Giordani Soika, 1953	 Leptochilus beaumonti
Lutzomyia (Helcocyrtomyia) rispaili Torres-Espejo, Caceres & le Pont, 1995	 Lutzomyia (Helcocyrtomyia) rispaili Torres-Espejo, Caceres & le Pont, 1995	 Lutzomyia rispaili
Gastropacha minima De Lajonquiére, 1979	Gastropacha minima De Lajonquiére, 1979	Gastropacha minima
Lithobius elongipes (Chamberlin, 1952)	Lithobius elongipes (Chamberlin, 1952)	Lithobius elongipes
Oncidium guttatum var. intermedium (Knowles & Westc.) Rchb.f.
Oncidium suaveolens Rchb.f.
Oncidium flavescens var. stellatum (Lindl.) Rchb.f.
Chthonius (Ephippiochthonius) amatei Carabajal Márquez, Garcia Carrillo & Rodríguez Fernández 2001
Neobisium (Neobisium) carcinoides balcanicum Hadzi 1937
Neobisium (Neobisium) dolicodactylum latum Cîrdei, Bulimar & Malcoci 1967
Neobisium (Ommatoblothrus) piqueri Carabajal Márquez, Garcia Carrillo & Rodríguez Fernández 2001
Maxillaria allenii L.O.Williams in Woodson & Schery	Maxillaria allenii L.O.Williams	Maxillaria allenii
Masdevallia strumosa P.Ortiz & E.Calderón	Masdevallia strumosa P.Ortiz & E.Calderón	Masdevallia strumosa
Margarodes williamsi Ben-Dov 2005	Margarodes williamsi Ben-Dov, 2005	Margarodes williamsi
Margarodes morrisoni McDaniel 1965	Margarodes morrisoni McDaniel, 1965	Margarodes morrisoni
Megacyllene nebulosa Di Iorio, Riquelme & Esteban-Durán 2003	Megacyllene nebulosa Di Iorio, Riquelme & Esteban-Durán, 2003	Megacyllene nebulosa
Inocybe umboninota sensu auct. brit., J.E. Lange, non Peck	Inocybe umboninota	Inocybe umboninota
Leucocoprinus gongylophorus (A. Møller) Dörfelt & Creutzb. 1994	Leucocoprinus gongylophorus (A. Møller) Dörfelt & Creutzb., 1994	Leucocoprinus gongylophorus
 
# infrageneric taxa
Maxillaria sect. Acaules Lindl. & Paxton	Maxillaria sect. Acaules Lindl. & Paxton	Maxillaria Acaules
Maxillaria sect. Multiflorae Christenson	Maxillaria sect. Multiflorae Christenson	Maxillaria Multiflorae
Polygonum ser. Coriopolitana F.Z.Li, L.T.Zhu & F.J.Lu	Polygonum ser. Coriopolitana F.Z.Li, L.T.Zhu & F.J.Lu	Polygonum Coriopolitana  

# Bumble bee curiousities
Bombus sichelii alticola latofasciatus Vogt, 1909: 49.	Bombus sichelii latofasciatus Vogt, 1909: 49.	Bombus sichelii latofasciatus
Bombus variabilis notomelas ab. luteoscutatus Krüger, 1940: 280.	Bombus variabilis ab. luteoscutatus Krüger, 1940	Bombus variabilis luteoscutatus
Bombus silvarum (L.) subsp convergens var. maculinotus Skorikov, 1909a: 262.	Bombus silvarum var. maculinotus Skorikov, 1909	Bombus silvarum maculinotus
Bombus (Lapidariobombus) sichelii uniens Forma nova margreiterianus Vogt, 1911: 59-60.	Bombus (Lapidariobombus) sichelii f. margreiterianus Vogt, 1911	Bombus sichelii margreiterianus
Bombus helferanus propeniger ab. melleozonatus Vogt, 1909: 37	Bombus helferanus ab. melleozonatus Vogt, 1909	Bombus helferanus melleozonatus


# assorted
Woodsiaceae (Hooker) Herter	Woodsiaceae (Hooker) Herter	Woodsiaceae

Acrothecium robustum, Gilman & Abbott	Acrothecium robustum Gilman & Abbott	Acrothecium robustum

# dirty names
LImatula gwyni (Sykes, 1903)	Limatula gwyni (Sykes, 1903)	Limatula gwyni
× fatshedera lizei	×Fatshedera lizei	Fatshedera lizei
fatshedera lizei 	Fatshedera lizei	Fatshedera lizei

# higher names with prefixed ranks
subfam. Zippelioideae Samain & Wanke	Zippelioideae Samain & Wanke	Zippelioideae
subtrib. Abrotanellinae H.Rob., G.D.Carr, R.M.King & A.M.Powell	Abrotanellinae H.Rob., G.D.Carr, R.M.King & A.M.Powell	Abrotanellinae
trib. Cyrtopodieae Pfitzer	Cyrtopodieae Pfitzer	Cyrtopodieae


# submitted by Wouter, ETI
Antalis (Hutton, 1873) Verrill & Smith	Antalis (Hutton, 1873) Verrill & Smith	Antalis
Antalis Verrill & Smith (Hutton, 1873)	Antalis (Hutton, 1873) Verrill & Smith	Antalis
Charaxes monteiri# Staudinger 1885	Charaxes monteiri Staudinger 1885	Charaxes monteiri
+ Pyrocrataegus willei L.L.Daniel	xPyrocrataegus willei L.L.Daniel	Pyrocrataegus willei
Apoderus notatus (?) Schoenh., 1833	Apoderus notatus Schoenh., 1833	Apoderus notatus
Curculeo" curassaviensis Voet, 1806	Curculeo curassaviensis Voet, 1806	Curculeo curassaviensis
Incertae sedis 8	Incertae sedis	Incertae sedis
Gastromega badia Saalmüller 1877/78	Gastromega badia Saalmüller, 1877/78	Gastromega badia

# found during demo portal evaluation
Abies alba-	Abies alba	Abies alba
